Job Title,Company Name,Location,Apply Link
Senior Backend Golang Engineer,Hippo Technologies,ğŸŒ Worldwide,https://remoteok.io/remote-jobs/remote-senior-backend-golang-engineer-hippo-technologies-903469
Senior Backend Engineer,Composer Technologies,ğŸŒ North America,https://remoteok.io/remote-jobs/remote-senior-backend-engineer-composer-technologies-1062093
Full Stack Engineer,ResumeDive,ğŸŒ Worldwide,https://remoteok.io/remote-jobs/remote-full-stack-engineer-resumedive-991115
Front End lead developer,emmacare.com,ğŸ‡ªğŸ‡º Europe,https://remoteok.io/remote-jobs/remote-front-end-lead-developer-emmacare-com-1061740
Senior Backend Developer,Soar,ğŸŒ Worldwide,https://remoteok.io/remote-jobs/remote-senior-backend-developer-soar-1061673
Full Stack React Engineer,Dock,ğŸ‡®ğŸ‡³ India,https://remoteok.io/remote-jobs/remote-full-stack-react-engineer-dock-1059078
MERN Fullstack Developer,EPIC Education SRL,ğŸŒ Worldwide,https://remoteok.io/remote-jobs/remote-mern-fullstack-developer-epic-education-srl-1059582
Software Engineer,Jump,ğŸ‡ºğŸ‡¸ United States,https://remoteok.io/remote-jobs/remote-software-engineer-jump-1059244
Intermediate Angular Developer,Revelator,ğŸ‡ªğŸ‡º Europe,https://remoteok.io/remote-jobs/remote-intermediate-angular-developer-revelator-1058054
Backend Engineer,Flourish Software,ğŸŒ Probably worldwide,https://remoteok.io/remote-jobs/remote-backend-engineer-flourish-software-1056411
Wordpress Developer,BBE Marketing,ğŸŒ Worldwide,https://remoteok.io/remote-jobs/remote-wordpress-developer-bbe-marketing-1036553
Software Engineer Backend,BrowserStack Software Private Limited,Mumbai,https://remoteok.io/remote-jobs/remote-software-engineer-backend-browserstack-software-private-limited-998520
Technical Support Engineer Developer,LimeSurvey,ğŸ‡ªğŸ‡º Europe,https://remoteok.io/remote-jobs/remote-technical-support-engineer-developer-limesurvey-925464
Senior Back End Wizard,joi.studio,ğŸŒ Worldwide,https://remoteok.io/remote-jobs/remote-senior-back-end-wizard-joi-studio-867839
Principal Software Engineer,Recast Software,ğŸ‡ºğŸ‡¸ United States,https://remoteok.io/remote-jobs/remote-principal-software-engineer-recast-software-932425
Product Marketing Manager,Recast Software,ğŸ‡ºğŸ‡¸ United States,https://remoteok.io/remote-jobs/remote-product-marketing-manager-recast-software-932424
Full stack Engineer PHP Symfony React MongoDB,i6,ğŸ‡ªğŸ‡º Europe,https://remoteok.io/remote-jobs/remote-full-stack-engineer-php-symfony-react-mongodb-i6-843213
Senior PHP Laravel Developer,IxDF - Interaction Design Foundation,ğŸŒ Worldwide,https://remoteok.io/remote-jobs/remote-senior-php-laravel-developer-ixdf-interaction-design-foundation-840144
Senior Backend Engineer,Center,ğŸŒ Worldwide,https://remoteok.io/remote-jobs/remote-senior-backend-engineer-center-778049
Senior Developer Grow My Clinic,Jane Software,ğŸ‡¨ğŸ‡¦ Canada,https://remoteok.io/remote-jobs/remote-senior-developer-grow-my-clinic-jane-software-880008
